topic_index,topic_id,topic_title,tag_id,tag_name,is_new,question_index,question_id,part,question
1,1230,发小,18,人物,1,1,3556,2,Describe a friend from your childhood You should say: Who he/she is Where you met each other What you often did together And explain what made you like him/her
1,1230,发小,18,人物,1,2,3555,3,What do you think of online social media?
1,1230,发小,18,人物,1,3,3554,3,Do you still keep in touch with your friends from childhood? Why or why not?
1,1230,发小,18,人物,1,4,3553,3,How important is childhood friendship to children?
1,1230,发小,18,人物,1,5,3552,3,What do you think of communicating via social media?
1,1230,发小,18,人物,1,6,3551,3,Do you use a lot of emojis online?
1,1230,发小,18,人物,1,7,3550,3,Do you think online communication through social media will replace face-to-face communication?
2,1185,交通拥堵,20,事件,1,1,3454,2,Describe a time when you were stuck in a traffic jam You should say: When it happened Where you were stuck What you did while waiting And explain how you felt in the traffic jam
2,1185,交通拥堵,20,事件,1,2,3450,3,How can we solve the traffic jam problem?
2,1185,交通拥堵,20,事件,1,3,3451,3,Do you think developing public transportation can solve traffic jam problems?
2,1185,交通拥堵,20,事件,1,4,3452,3,Do you think highways can help reduce traffic jams?
2,1185,交通拥堵,20,事件,1,5,3453,3,What are some effective ways to manage traffic?
2,1185,交通拥堵,20,事件,1,6,6235,3,Would you rather be in a car or a bus in a traffic jam?
2,1185,交通拥堵,20,事件,1,7,6234,3,Do you like to use public transport?
3,1117,语言学习,20,事件,1,1,3273,2,Describe something that helped you learn a language You should say What it is What language you learned How it helped you learn the language And how you felt about it
3,1117,语言学习,20,事件,1,2,3269,3,What difficulties do people face when learning a language?
3,1117,语言学习,20,事件,1,3,3270,3,Do you think language learning is important? Why?
3,1117,语言学习,20,事件,1,4,3271,3,"Which is better, to study alone or to study in a group? Why?"
3,1117,语言学习,20,事件,1,5,3272,3,What’s the best way to learn a language?
4,1101,收到特殊蛋糕,20,事件,1,1,3230,2,Describe a special cake you received from others You should say When it happened Where it happened Who you got the cake from And explain why it’s a special cake
4,1101,收到特殊蛋糕,20,事件,1,2,3229,3,Do you think it’s good to communicate when eating with your family?
4,1101,收到特殊蛋糕,20,事件,1,3,3228,3,Why are some people willing to spend a lot of money on meals or special days?
4,1101,收到特殊蛋糕,20,事件,1,4,5344,3,Is there any food in your country that is eaten at special times or on special occasions?
4,1101,收到特殊蛋糕,20,事件,1,5,3226,3,What are the difference between special food in China and foreign countries?
4,1101,收到特殊蛋糕,20,事件,1,6,6120,3,"In your country, do people nowadays cook at home as frequently as people did in the past?"
4,1101,收到特殊蛋糕,20,事件,1,7,3227,3,Do people usually cook special food in China?
5,185,重要河流/湖泊,19,事物,1,1,678,2,Describe an important river/lake in your country You should say: Where it is located How big/long it is What it looks like And explain why it is important
5,185,重要河流/湖泊,19,事物,1,2,672,3,How can rivers/lakes benefit local people?
5,185,重要河流/湖泊,19,事物,1,3,673,3,Do you think rivers/lakes attract tourists?
5,185,重要河流/湖泊,19,事物,1,4,676,3,How do rivers and lakes affect local tourism?
5,185,重要河流/湖泊,19,事物,1,5,677,3,Are rivers and lakes good for transport?
5,185,重要河流/湖泊,19,事物,1,6,675,3,Do you think rivers and lakes attract tourists?
5,185,重要河流/湖泊,19,事物,1,7,671,3,Do people in your country go swimming in their spare time?
5,185,重要河流/湖泊,19,事物,1,8,670,3,Is it necessary for everyone to learn swimming?
5,185,重要河流/湖泊,19,事物,1,9,668,3,Do people like the rivers in your country?
6,182,花费甚少的外出日,20,事件,1,1,657,2,Describe a special day out that cost you little money/didn’t cost you much You should say: When was the day Where you went How much you spent And explain how you feel about the day
6,182,花费甚少的外出日,20,事件,1,2,652,3,Do people like to spend their leisure time outside in your country?
6,182,花费甚少的外出日,20,事件,1,3,653,3,How do people spend their leisure time in China?
6,182,花费甚少的外出日,20,事件,1,4,654,3,How does technology affect the way people spend their leisure time?
6,182,花费甚少的外出日,20,事件,1,5,655,3,Do you think only old people have time for leisure?
6,182,花费甚少的外出日,20,事件,1,6,6269,3,Going out to have holidays is tiring. Why do people still want to do it?
6,182,花费甚少的外出日,20,事件,1,7,6268,3,Why do people like to have days off?
6,182,花费甚少的外出日,20,事件,1,8,6267,3,How do people spend their leisure time in your country?
6,182,花费甚少的外出日,20,事件,1,9,651,3,Is it possible to buy something from a physical store without money?
6,182,花费甚少的外出日,20,事件,1,10,650,3,Why is online shopping so popular these days?
6,182,花费甚少的外出日,20,事件,1,11,649,3,Have you ever had a bad shopping experience?
6,182,花费甚少的外出日,20,事件,1,12,648,3,How can people save as much money as possible?
6,182,花费甚少的外出日,20,事件,1,13,647,3,Do teenagers spend more money than they used to?
7,1920,想要颁布的环保法律,20,事件,1,1,6278,2,Describe an environmental law you would like your country to introduce You should say: What law it should be Why people should follow the law Whether the law will be popular And explain how you feel about this law
7,1920,想要颁布的环保法律,20,事件,1,2,6282,3,What environmentallaws does your country already have?
7,1920,想要颁布的环保法律,20,事件,1,3,6281,3,Will there be a law that is universally accepted?
7,1920,想要颁布的环保法律,20,事件,1,4,6280,3,What kinds of rules do schools in China have?
7,1920,想要颁布的环保法律,20,事件,1,5,6279,3,How does technology affect the law?
8,1913,别人帮助解决问题,20,事件,1,1,6270,2,Describe a time when a person did something tohelp you solve a problem You should say: Who the person is What the problem was How he/she helped you And explain how you felt about the experience
8,1913,别人帮助解决问题,20,事件,1,2,6271,3,How important is it for schools to help children pecome smarter?
9,1912,包含动物的故事或书,19,事物,1,1,6254,2,Describe a story/book with animals in it You should say: What animals are in it What the story/book is about Why you read the story/book And explain what you think of this story/book
9,1912,包含动物的故事或书,19,事物,1,2,6260,3,Why do people always tell children stories with animals?
9,1912,包含动物的故事或书,19,事物,1,3,6259,3,What are the advantages of keeping a pet?
9,1912,包含动物的故事或书,19,事物,1,4,6258,3,Do many people keep pets in your country?
9,1912,包含动物的故事或书,19,事物,1,5,6257,3,Many people regard pets as members of thei family. What do you think?
9,1912,包含动物的故事或书,19,事物,1,6,6256,3,Some people think pets should not be kept in cities. What do you think?
9,1912,包含动物的故事或书,19,事物,1,7,6255,3,Should schools teach children about animals?
10,1911,很久没收到回复的信息,20,事件,1,1,6253,2,Describe a time when you sent a message or anemail to someone but received no reply for a longtime You should say: Who you sent it to What the message/email was about Whether you finally received the reply And explain how you felt about the experience
10,1911,很久没收到回复的信息,20,事件,1,2,6266,3,Why do some people feel angry when others don't reply to their message?
10,1911,很久没收到回复的信息,20,事件,1,3,6265,3,How do you show your respect in your messages?
10,1911,很久没收到回复的信息,20,事件,1,4,6264,3,Why do some people prefer sending a messageinstead of making a call?
10,1911,很久没收到回复的信息,20,事件,1,5,6263,3,What would you do if you did not receive a reply after sending out a message?
10,1911,很久没收到回复的信息,20,事件,1,6,6262,3,In what situations do people not respond to messages at all?
10,1911,很久没收到回复的信息,20,事件,1,7,6261,3,In what situations do people spend a long time responding to others' messages?
11,1909,组织快乐活动,20,事件,1,1,6243,2,Describe a time when you organized a happy eventsuccessfully You should say What the event was How you prepared for it Who helped you to organize it And explain why you think it was a successful event
11,1909,组织快乐活动,20,事件,1,2,6252,3,Do you prefer to prepare and organize an activity or just take part in an activity?
11,1909,组织快乐活动,20,事件,1,3,6249,3,How would you feel when you were not well prepared for something?
11,1909,组织快乐活动,20,事件,1,4,6248,3,Do people need others' help when organizing things?
11,1909,组织快乐活动,20,事件,1,5,6246,3,Does everything need to be well prepared?
11,1909,组织快乐活动,20,事件,1,6,6245,3,On what occasions do people need to be organized?
11,1909,组织快乐活动,20,事件,1,7,6244,3,How can parents help children to be organized?
12,1908,长久目标/抱负,20,事件,1,1,6236,2,Describe a long-term goal/ambition you would like to achieve You should say: How long you have had this goal/ambition What it is How you will achieve it And explain why you set it
12,1908,长久目标/抱负,20,事件,1,2,6242,3,What should people do to achieve their goals?
12,1908,长久目标/抱负,20,事件,1,3,6241,3,What goals do young people usually have?
12,1908,长久目标/抱负,20,事件,1,4,6240,3,Is it necessary to give advice to children?
12,1908,长久目标/抱负,20,事件,1,5,6239,3,What goals do people at your age have?
12,1908,长久目标/抱负,20,事件,1,6,6238,3,Do people need to have goals?
12,1908,长久目标/抱负,20,事件,1,7,6237,3,What goals should a society have?
13,1907,遇到困难终成功的人,18,人物,1,1,6232,2,Describe a person who met difficulties but succeeded You should say Who this person is What difficulties he met How he overcame the difficulties And explain how you feel about him
13,1907,遇到困难终成功的人,18,人物,1,2,6233,3,"In your country, what industry is it easier to besuccessful in?"
14,1906,改变重要想法,20,事件,1,1,6228,2,Describe a time when you changed an important opinion of yours You should say When you changed your opinion What the original opinion was Why you changed it And explain how you felt about the experience
14,1906,改变重要想法,20,事件,1,2,6231,3,Do children communicate more with teachers orwith parents?
14,1906,改变重要想法,20,事件,1,3,6230,3,"Whose opinions are more important to children,their parents or teachers?"
14,1906,改变重要想法,20,事件,1,4,6229,3,When do most children begin to have their ownopinions?
15,1905,特别场合的食物,20,事件,1,1,6221,2,Describe a food that people eat on special occasions/events You should say: What it is What the special event/occasion is How it is cooked/made And explain why people eat it on that special occasion/event
15,1905,特别场合的食物,20,事件,1,2,6226,3,Are there any differences between the food people eat today and the food people ate in the past?
15,1905,特别场合的食物,20,事件,1,3,6225,3,What are the differences between everyday fooo and festival food?
15,1905,特别场合的食物,20,事件,1,4,6223,3,Why are there special foods on special occasions or events?
16,1904,擅长学习和说语言的人,18,人物,1,1,6218,2,Describe a person who is good at learning andspeaking new languages You should say How you got to know him/her How he/she learns a new language What languages he/she can speak And explain how you feel about him/her
16,1904,擅长学习和说语言的人,18,人物,1,2,6227,3,Why is it easier for children to learn new things than for adults?
16,1904,擅长学习和说语言的人,18,人物,1,3,6224,3,How do people learn new things?
16,1904,擅长学习和说语言的人,18,人物,1,4,6222,3,Do people learn any languages other than English?
16,1904,擅长学习和说语言的人,18,人物,1,5,6220,3,Does speaking other languages help at work?
16,1904,擅长学习和说语言的人,18,人物,1,6,6219,3,Are there many people who can speak foreign
17,1903,喜欢的现场体育赛事,20,事件,1,1,6207,2,Describe a live sports event you watched and liked You should say: What it was When and where you watched it Who you watched it with And explain why you liked it
17,1903,喜欢的现场体育赛事,20,事件,1,2,6211,3,What sports matches are suitable for children to attend?
17,1903,喜欢的现场体育赛事,20,事件,1,3,6210,3,What are the advantages of watching sports events online?
17,1903,喜欢的现场体育赛事,20,事件,1,4,6209,3,Where do people normally watch sports events?
17,1903,喜欢的现场体育赛事,20,事件,1,5,6208,3,Why do some people like to watch sports events?
18,1902,遇到的科技问题,20,事件,1,1,6206,2,Describe a challenging technological problem you faced You should say: What the problem was When and where you faced it How challenging it was And explain how you solved it
18,1902,遇到的科技问题,20,事件,1,2,6217,3,What can teachers do to stop students from relying too much on AI?
18,1902,遇到的科技问题,20,事件,1,3,6216,3,Do you think students are overly reliant on AI?
18,1902,遇到的科技问题,20,事件,1,4,6215,3,How can AI help in our lives?
18,1902,遇到的科技问题,20,事件,1,5,6214,3,Should children learn to use AI?
18,1902,遇到的科技问题,20,事件,1,6,6213,3,Do you think people today should learn about AI technology?
18,1902,遇到的科技问题,20,事件,1,7,6212,3,What are the advantages and disadvantages of AI?
19,1901,在团队中工作,19,事物,1,1,6201,2,Describe a time when you worked in a group You should say: What you did Who you worked with What problems you faced And explain why you worked in the group
19,1901,在团队中工作,19,事物,1,2,6205,3,What group tasks are there in schools?
19,1901,在团队中工作,19,事物,1,3,6204,3,Should students learn to do qroup work?
19,1901,在团队中工作,19,事物,1,4,6203,3,What should a leader do to make team members want to follow him or her?
19,1901,在团队中工作,19,事物,1,5,6202,3,Why do some people prefer to work by themselves?
20,1900,拥有成功商业的人,18,人物,1,1,6195,2,Describe a person you know who has a successful business You should say: Who this person is How you got to know him/her Why and how he/she started the business What business he/she does And explain why you think the business is successful
20,1900,拥有成功商业的人,18,人物,1,2,6200,3,What makes a business fail?
20,1900,拥有成功商业的人,18,人物,1,3,6199,3,What makes a business successful?
20,1900,拥有成功商业的人,18,人物,1,4,6198,3,Do most people prefer shopping at big stores or small stores?
20,1900,拥有成功商业的人,18,人物,1,5,6197,3,Should governments provide financial support ta start-ups?
20,1900,拥有成功商业的人,18,人物,1,6,6196,3,Why do some people start their own business?
21,1899,在成功公司工作的人,18,人物,1,1,6184,2,Describe a person who works in a successfu company You should say: Who he/she is What he/she does in the company What business the company does And explain why you think it is a successful company
21,1899,在成功公司工作的人,18,人物,1,2,6187,3,Do you think customer satisfaction is important fol a company?
21,1899,在成功公司工作的人,18,人物,1,3,6186,3,Do you think companies should donate money to help society?
21,1899,在成功公司工作的人,18,人物,1,4,6185,3,Do you think governments should provide financial support to companies?
22,1898,名人出演的广告,20,事件,1,1,6188,2,Describe an advertisement with a famous person in it You should say: Who the person is Where you can see it What the advertisement is about And explain how you feel about the advertisement
22,1898,名人出演的广告,20,事件,1,2,6194,3,"Which is more effective, online advertising or offline advertising?"
22,1898,名人出演的广告,20,事件,1,3,6193,3,Is advertising important for a company? Why?
22,1898,名人出演的广告,20,事件,1,4,6192,3,Why are some advertisements boring?
22,1898,名人出演的广告,20,事件,1,5,6191,3,What is the most important factor in an advertisement?
22,1898,名人出演的广告,20,事件,1,6,6190,3,Why are many advertisements endorsed by celebrities? How useful are they?
22,1898,名人出演的广告,20,事件,1,7,6189,3,What are the advantages and disadvantages ofadvertisements?
23,1897,推荐旅行过的地方,21,地点,1,1,6179,2,Describe a place you have travelled to that youwould like to recommend to others You should say: What itis Where it is What you saw and did there And explain why you would like to recommend it toothers
23,1897,推荐旅行过的地方,21,地点,1,2,6183,3,Is it important to plan a holiday ahead?
23,1897,推荐旅行过的地方,21,地点,1,3,6182,3,How do people usually plan holidays?
23,1897,推荐旅行过的地方,21,地点,1,4,6181,3,What is the ideal length for a holiday?
23,1897,推荐旅行过的地方,21,地点,1,5,6180,3,Where do people in your country often go for holidays?
24,1894,最近看过的电视/网络节目,20,事件,1,1,6164,2,Describe a TV show/online program you havewatched recently You should say: What it is What it is about How often you watch it And explain how you feel about it
24,1894,最近看过的电视/网络节目,20,事件,1,2,6167,3,What kinds of TV or online programs are popular in your country?
24,1894,最近看过的电视/网络节目,20,事件,1,3,6166,3,What makes a popular TV or online program?
24,1894,最近看过的电视/网络节目,20,事件,1,4,6165,3,What are the differences between the TV programsyoung people like to watch and those old peoplelike to watch?
25,1892,喜欢拜访但不想住的家,21,地点,1,1,6155,2,Describe a home that you like to visit but do notwant to live in You should say Where it is What it is like Why you like to visit it And explain why you would not like to live there
25,1892,喜欢拜访但不想住的家,21,地点,1,2,6163,3,What's the difference between homes in cities andthose in the countryside?
25,1892,喜欢拜访但不想住的家,21,地点,1,3,6162,3,What kind of place do people in your country like to live in?
25,1892,喜欢拜访但不想住的家,21,地点,1,4,6161,3,What do Chinese people do when they visit others?
25,1892,喜欢拜访但不想住的家,21,地点,1,5,6160,3,Do Chinese people like to visit others' homes?
26,1891,坏掉的电子设备,19,事物,1,1,6152,2,Describe a time when you had a problem using anelectronic device You should say: When it happened Where it happened What the problem was And explain how you solved the problem at last
26,1891,坏掉的电子设备,19,事物,1,2,6154,3,What impact do electronic devices have onpeople?
26,1891,坏掉的电子设备,19,事物,1,3,6153,3,Why are people keen on buying new electronicdevices?
27,1890,想从事医疗行业的人,18,人物,1,1,6149,2,"Describe a person you know who would like to choose a career in the medical field (e.g. a doctor, a nurse) You should say: When you knew him/her When he/she started to think about that What he/she would like to do And explain why he/she would like to choose this career"
27,1890,想从事医疗行业的人,18,人物,1,2,6151,3,Do you think learning biology is interesting for children?
27,1890,想从事医疗行业的人,18,人物,1,3,6150,3,Do you think being a doctor is easy or difficult?
28,1889,去过的无聊地方,21,地点,1,1,6144,2,Describe a boring place You should say: Where it is Who you went there with What you did there And explain why you think it is a boring place
28,1889,去过的无聊地方,21,地点,1,2,6148,3,Why are some teachers' classes boring? Are thereany solutions?
28,1889,去过的无聊地方,21,地点,1,3,6147,3,What can people do when they feel bored?
28,1889,去过的无聊地方,21,地点,1,4,6146,3,Why aren't young people willing to listen to theexperiences of older people?
28,1889,去过的无聊地方,21,地点,1,5,6145,3,Why do most children think education is boring?
29,1888,去过的最喜欢的城市,21,地点,1,1,6136,2,Describe your favorite city that you have visited You should say: Where it is How you knew it When you visited it And explain why it is your favourite city
29,1888,去过的最喜欢的城市,21,地点,1,2,6143,3,Do most people prefer to travel in a modern city or a historical city?
29,1888,去过的最喜欢的城市,21,地点,1,3,6142,3,Do you think a tourist city is also a good place to live? why?
29,1888,去过的最喜欢的城市,21,地点,1,4,6141,3,How do people choose a city to travel to?
29,1888,去过的最喜欢的城市,21,地点,1,5,6137,3,"Which is more suitable for young people, urban life or rural life, and which is more suitable for old people?"
30,1887,有趣视频,19,事物,1,1,6131,2,Describe an interesting video You should say: When and where you watched it What it is about Why you watched it And explain how you feel about it
30,1887,有趣视频,19,事物,1,2,6140,3,Are there any differences between the videos thatyoung people and old people like to watch?
30,1887,有趣视频,19,事物,1,3,6139,3,What skills can people learn from watching videos?
30,1887,有趣视频,19,事物,1,4,6138,3,"Which is more helpful, watching videos or readingbooks?"
30,1887,有趣视频,19,事物,1,5,6135,3,What kind of videos do people in your country liketo watch?
31,1886,早起经历,20,事件,1,1,6128,2,Describe a time when you got up early You should say: When it was What you did Why you got up early And how you felt about it
31,1886,早起经历,20,事件,1,2,6134,3,ls it good to arrive early in any situation?
31,1886,早起经历,20,事件,1,3,6133,3,Why do some people like to stay up late?
31,1886,早起经历,20,事件,1,4,6132,3,What kinds of occasions need people to arrive early?
31,1886,早起经历,20,事件,1,5,6130,3,Why do people get up early?
31,1886,早起经历,20,事件,1,6,6129,3,Do you know anyone who likes to get up early?
32,1885,喜欢在家/花园种菜的人,18,人物,1,1,6124,2,Describe a person who loves to grow vegetables at home or in the garden You should say: Who this person is What vegetables he/she grows How he/she grows the vegetables And explain why he/she loves growing vegetables
32,1885,喜欢在家/花园种菜的人,18,人物,1,2,6126,3,Do many people grow vegetables or flowers at home in your country?
32,1885,喜欢在家/花园种菜的人,18,人物,1,3,6125,3,What are the advantages of growing vegetables or flowers at home?
33,1884,喜欢或不喜欢的高建筑,19,事物,1,1,6122,2,Describe a tall building you like or dislikeYou should say: What it is used for Where it is What it looks like And explain why you like/dislike it Where it is What it looks like And explain why you like/dislike it
33,1884,喜欢或不喜欢的高建筑,19,事物,1,2,6127,3,What are the differences between those tallbuildings in your country?
33,1884,喜欢或不喜欢的高建筑,19,事物,1,3,6123,3,Are there many tall buildings in your country?
34,1882,想颁布的新法律,20,事件,1,1,6113,2,Describe a new law you would like to introduce in your country You should say: What law it is What changes this law brings Whether this new law will be popular How you came up with the new law And explain how you feel about this new law
34,1882,想颁布的新法律,20,事件,1,2,6119,3,How can parents teach children to obey rules?
34,1882,想颁布的新法律,20,事件,1,3,6118,3,What are the benefits for people to obey rules?
34,1882,想颁布的新法律,20,事件,1,4,6117,3,Do you think children can learn about the law outside of school?
34,1882,想颁布的新法律,20,事件,1,5,6116,3,What kinds of behavior are considered as good behavior?
34,1882,想颁布的新法律,20,事件,1,6,6115,3,Do people in your country usually obey the law?
34,1882,想颁布的新法律,20,事件,1,7,6114,3,What rules should students follow at school?
35,1880,想有空时去旅游的地方,21,地点,1,1,6101,2,Describe a place you would like to visit in your free time You should say: • Where it is • What you will do there • How long you will stay there • And explain why you would like to visit it
35,1880,想有空时去旅游的地方,21,地点,1,2,6103,3,Do you think a gap period in life is important?
35,1880,想有空时去旅游的地方,21,地点,1,3,6102,3,Why do you think some people choose not to travel abroad?
36,1745,近期改变的计划,19,事物,1,1,5537,2,Describe a plan that you had to change recently You should say: When this happened What made you change the plan What the new plan was And how you felt about the change
36,1745,近期改变的计划,19,事物,1,2,5551,3,Do people often change their plans?
36,1745,近期改变的计划,19,事物,1,3,5552,3,Would you tell others if you change your plan?
36,1745,近期改变的计划,19,事物,1,4,5553,3,How does technology help people make plans?
36,1745,近期改变的计划,19,事物,1,5,5554,3,Why do you think parents still make plans for their children nowadays?
37,1738,重要决定,20,事件,1,1,5511,2,Describe an important decision that you made You should say: What the decision was How you made your decision What the results of the decision were And explain why it was important
37,1738,重要决定,20,事件,1,2,5512,3,Do you think children sometimes have to make important decisions?
37,1738,重要决定,20,事件,1,3,5513,3,What important decisions do teenagers need to make after graduation?
37,1738,重要决定,20,事件,1,4,5514,3,Who can children turn to for help when making a decision?
37,1738,重要决定,20,事件,1,5,5515,3,Do you think advertisements can influence our decisions when shopping?
37,1738,重要决定,20,事件,1,6,5516,3,Do you think the influence of advertising is good?
37,1738,重要决定,20,事件,1,7,5517,3,How do people usually make important decision?
38,1871,外国的短期停留,20,事件,0,1,6070,2,Describe a foreign country you would like to stay or work for a short period of time You should say: Which country it is Where you got to know this country What you will do there Why you will stay or work there just for ashort period of time
38,1871,外国的短期停留,20,事件,0,2,6074,3,How can people demonstrate their abilities when working in a foreign country?
38,1871,外国的短期停留,20,事件,0,3,6073,3,What important skills do people need when working in companies?
38,1871,外国的短期停留,20,事件,0,4,6072,3,Why do some people not like working in a foreign country?
39,1870,鼓励你保护自然的人,18,人物,0,1,6060,2,Describe a person who encouraged you to protect the nature You should say: Who he/she is How he/she encouraged you What he/she encouraged you to do And explain how you feel about this person
39,1870,鼓励你保护自然的人,18,人物,0,2,6063,3,Do you think there should be laws to protect nature?
39,1870,鼓励你保护自然的人,18,人物,0,3,6062,3,Should schools teach children to get close to nature?
39,1870,鼓励你保护自然的人,18,人物,0,4,6061,3,How can parents teach their children to protect nature?
40,1869,想拥有的科技产品,19,事物,0,1,6059,2,Describe a piece of technology(not a phone)that you would like to own You should say: What it is How much it costs What you willuse it for And explain why you would like to own it
40,1869,想拥有的科技产品,19,事物,0,2,6069,3,What are the differences between making friends in real life and online?
40,1869,想拥有的科技产品,19,事物,0,3,6068,3,What negative effects does technology have on people's relationships?
40,1869,想拥有的科技产品,19,事物,0,4,6067,3,Do you think technology has changed the way people communicate?
40,1869,想拥有的科技产品,19,事物,0,5,6066,3,What are the differences between online and face-to-face communication?
40,1869,想拥有的科技产品,19,事物,0,6,6065,3,What technology do young people like to use?
40,1869,想拥有的科技产品,19,事物,0,7,6064,3,What are the differences between the technology of the past and that of today?
41,1868,机智解决问题的人,18,人物,0,1,6052,2,Describe a person who solved a problem in a smart way You should say: Who this person is What the problem was How he/she solved it And explain why you think he/she did it in a smart way
41,1868,机智解决问题的人,18,人物,0,2,6058,3,Why does modern society need talents of all kinds?
41,1868,机智解决问题的人,18,人物,0,3,6057,3,Why are some people well-rounded and others only good at one thing?
41,1868,机智解决问题的人,18,人物,0,4,6056,3,How do children become smart at school?
41,1868,机智解决问题的人,18,人物,0,5,6054,3,Do you think children are born smart or they learn to become smart?
42,1867,擅长做计划的人,18,人物,0,1,6045,2,Describe a person who makes plans a lot You should say: Who he/she is How you knew him/her How you knew him/her What plans he/she makes And explain how you feel about this person
42,1867,擅长做计划的人,18,人物,0,2,6055,3,Do you think choosing a college major is closely related to a person's future career?
42,1867,擅长做计划的人,18,人物,0,3,6053,3,Is making study plans popular among young people?
42,1867,擅长做计划的人,18,人物,0,4,6051,3,What activities do we need to plan ahead?
42,1867,擅长做计划的人,18,人物,0,5,6050,3,Should children ask their teachers or parents for advice when making plans?
42,1867,擅长做计划的人,18,人物,0,6,6049,3,Do you think children should plan their future careers?
42,1867,擅长做计划的人,18,人物,0,7,6048,3,Do you think it's important to plan ahead?
43,1866,喜欢画画的孩子,19,事物,0,1,6037,2,Describe a child you know who likes drawing/painting very much You should say: How you knew him/her What he/she is like How often he/she draws/paints And explain why you think he/she likes drawing/painting
43,1866,喜欢画画的孩子,19,事物,0,2,6043,3,How do artworks inspire people?
43,1866,喜欢画画的孩子,19,事物,0,3,6042,3,Do you think galleries and museums should be free of charge?
43,1866,喜欢画画的孩子,19,事物,0,4,6040,3,Why do some people visit galleries ormuseums instead of viewing artworks online?
43,1866,喜欢画画的孩子,19,事物,0,5,6039,3,Why do most children draw more often than adults do?
43,1866,喜欢画画的孩子,19,事物,0,6,6038,3,What is the right age for a child to learn drawing?
44,1865,有趣的建筑,21,地点,0,1,6036,2,Describe an interesting building You should say: Where it is What it looks like What function it has And explain why you think it is interesting
44,1865,有趣的建筑,21,地点,0,2,6047,3,Why do people like to visit historical sites?
44,1865,有趣的建筑,21,地点,0,3,6046,3,Is it more important for a building to look good on the outside or on the inside?
44,1865,有趣的建筑,21,地点,0,4,6044,3,Is it worth spending a lot of money on the exterior appearance of a building?
44,1865,有趣的建筑,21,地点,0,5,6041,3,What types of buildings are popular in your country?
45,1864,App/ 程序,19,事物,0,1,6029,2,Describe a program or app on your computer or phone You should say: What it is When/how you use it Where you found it And explain how you feel about it
45,1864,App/ 程序,19,事物,0,2,6035,3,Do you think young people rely more and more on these programs?
45,1864,App/ 程序,19,事物,0,3,6034,3,Should parents limit their children using computer programs and computer games?
45,1864,App/ 程序,19,事物,0,4,6033,3,What apps are popular in your country?Why?
45,1864,App/ 程序,19,事物,0,5,6032,3,Why do some people not like using apps?
45,1864,App/ 程序,19,事物,0,6,6031,3,What are the differences between old and young people when using apps?
46,1861,完美工作,20,事件,0,1,6007,2,Describe your perfect job You should say: What it is Where you heard about it from What you need to learn to get the job And explain why you think it is your perfect job
46,1861,完美工作,20,事件,0,2,6011,3,Is salary the main reason people choose a certain job?
46,1861,完美工作,20,事件,0,3,6010,3,What should people consider when choosing jobs?
46,1861,完美工作,20,事件,0,4,6009,3,Do people's ideal jobs change as they grow up?
46,1861,完美工作,20,事件,0,5,6008,3,What jobs do children want to do when they grow up?
47,1859,朋友学的技能,18,人物,0,1,5992,2,Describe one of your friends who learned a skill from someone(not a teacher) You should say: Who he/she is What skill he/she learned How he/she learned And explain whether it would be easier to learn from a teacher
47,1859,朋友学的技能,18,人物,0,2,5998,3,Do you think it is good for older adults to continue learning?
47,1859,朋友学的技能,18,人物,0,3,5997,3,Do you think enterprises should provide training for their employees?
47,1859,朋友学的技能,18,人物,0,4,5996,3,Is it better to focus on a few subjects or to learn many subjects?
47,1859,朋友学的技能,18,人物,0,5,5995,3,Do you think there are too many subjects for students to learn?
47,1859,朋友学的技能,18,人物,0,6,5994,3,Should teachers make learning in their classes fun?
47,1859,朋友学的技能,18,人物,0,7,5993,3,Is it necessary to keep learning after graduating from school?
48,1858,不享受的音乐活动,20,事件,0,1,5987,2,Describe a music event that you didn't enjoy You should say: What it was Who you went with Why you decided to go there And explain why you didn't enjoy it
48,1858,不享受的音乐活动,20,事件,0,2,5991,3,What kind of music events are there in your country?
48,1858,不享受的音乐活动,20,事件,0,3,5990,3,What are the differences between old and young people's music preferences?
48,1858,不享受的音乐活动,20,事件,0,4,5989,3,Do you think children should receive some musical education?
48,1858,不享受的音乐活动,20,事件,0,5,5988,3,What kind of music events do people like today?
49,1811,弄坏东西,20,事件,0,1,5877,2,Describe a time when you broke something You should say What it was When/where that happened How you broke it And explain what you did after it
49,1811,弄坏东西,20,事件,0,2,5881,3,Do you think handmade clothes are more valuable?
49,1811,弄坏东西,20,事件,0,3,5880,3,Do you think clothes produced in the factory are of better quality than those made by hand?
49,1811,弄坏东西,20,事件,0,4,5879,3,What kind of people like to fix things by themselves?
49,1811,弄坏东西,20,事件,0,5,5878,3,What kind of things are more likely to be broken by people at home?
50,1810,传统故事,20,事件,0,1,5851,2,Describe an interesting traditional story You should say What the story is about When/how you knew it Who told you the story And explain how you felt when you first heard it
50,1810,传统故事,20,事件,0,2,5857,3,Is a good storyline important for a movie?
50,1810,传统故事,20,事件,0,3,5856,3,Do all stories for children have happy endings?
50,1810,传统故事,20,事件,0,4,5855,3,What can children learn from stories?
50,1810,传统故事,20,事件,0,5,5854,3,Why do most children like listening to stories before bedtime?
50,1810,传统故事,20,事件,0,6,5853,3,What are the benefits of bedtime stories for children?
50,1810,传统故事,20,事件,0,7,5852,3,What kind of stories do children like?
51,1809,突然停电,20,事件,0,1,5846,2,Describe a time when the electricity suddenly when off You should say When/where it happened How long it lasted What you did during the time And explain how you felt about it
51,1809,突然停电,20,事件,0,2,5850,3,How did people manage to live without electricity in the ancient world?
51,1809,突然停电,20,事件,0,3,5849,3,"Which is better, electric cars or petrol cars?"
51,1809,突然停电,20,事件,0,4,5848,3,Do you think electric bicycles will replace ordinary bicycles in the future?
51,1809,突然停电,20,事件,0,5,5847,3,"Which is better, electric bicycles or ordinary bicycles?"
52,1808,有好习惯的朋友,18,人物,0,1,5840,2,Describe a good habit your friend has and you want to develop You should say How he/she is What good habit he/she has When/how you notices the good habit And explain how you will develop the some habit
52,1808,有好习惯的朋友,18,人物,0,2,5845,3,Do you think a person’s good habits would influence those around him/her? How?
52,1808,有好习惯的朋友,18,人物,0,3,5844,3,What can we do to get rid of bad habit?
52,1808,有好习惯的朋友,18,人物,0,4,5843,3,Why do we develop bad habit?
52,1808,有好习惯的朋友,18,人物,0,5,5842,3,What should parents do to help their children develop good habit ?
52,1808,有好习惯的朋友,18,人物,0,6,5841,3,What good habit should children have?
53,1807,钦佩的创作者,18,人物,0,1,5831,2,"Describe a creative person (e.g. an artist, a musician, etc) you admire You should say Who he/she is How you knew his/her What his/her greatest achievement is And explain why you think he/she is creative"
53,1807,钦佩的创作者,18,人物,0,2,5836,3,What can we do to help old children learn music?
53,1807,钦佩的创作者,18,人物,0,3,5835,3,What can we do to help children keep creative?
53,1807,钦佩的创作者,18,人物,0,4,5834,3,Do you think pictures and videos in news reports are important?
53,1807,钦佩的创作者,18,人物,0,5,5833,3,How do artists acquire inspiration?
53,1807,钦佩的创作者,18,人物,0,6,5832,3,Do you think children should learn to place musical instruments?
54,1806,家中老物件,19,事物,0,1,5826,2,Describe an important old thing that your family has kept for a long time You should say What it is How/when your family first got this thing How long your family has kept it And explain why this thing is important to your family
54,1806,家中老物件,19,事物,0,2,5830,3,What are the differences between the things that people keep today and the things that people kept in the past?
54,1806,家中老物件,19,事物,0,3,5829,3,What are the differences between the things old people keep and those young people keep?
54,1806,家中老物件,19,事物,0,4,5828,3,Why do people keep old things?
54,1806,家中老物件,19,事物,0,5,5827,3,What kind of old things do people like to keep?
55,1805,想再去的旅行,20,事件,0,1,5819,2,Describe a trip you would like to make again You should say where and when you went Who you made the trip with What you did during the trip And explain why you would like to make the trip again
55,1805,想再去的旅行,20,事件,0,2,5823,3,Why do some people prefer to travel in their own country rather than going abroad?
55,1805,想再去的旅行,20,事件,0,3,5822,3,What would happen if no preparation were made before the trip
55,1805,想再去的旅行,20,事件,0,4,5821,3,What should we prepare before a trip
55,1805,想再去的旅行,20,事件,0,5,5820,3,Why do people like traveling?
56,1802,重要的好朋友,18,人物,0,1,5801,2,Describe a good friend who is important to you You should say Who he/she is How/when you got to know him/her How long you have known each other And explain why he/she is important to you
56,1802,重要的好朋友,18,人物,0,2,5803,3,"Do you think a child’s relationship with friends can be replaces by that with other people, like parents or other family members?"
56,1802,重要的好朋友,18,人物,0,3,5802,3,Do you think it is better for children to have few close friends or many casual friends?
57,1557,自然之地,21,地点,0,1,4708,2,"Describe a natural place (e.g. parks, mountains) You should say: Where this place is How you knew this place What it is like And explain why you like to visit it"
57,1557,自然之地,21,地点,0,2,4709,3,What kind of people like to visit natural places?
57,1557,自然之地,21,地点,0,3,4710,3,What are the differences between a natural place and a city?
57,1557,自然之地,21,地点,0,4,4711,3,Do you think that going to the park is the only way to get close to nature?
57,1557,自然之地,21,地点,0,5,4712,3,What can people gain from going to natural places?
57,1557,自然之地,21,地点,0,6,4713,3,Are there any wild animals in the city?
57,1557,自然之地,21,地点,0,7,4714,3,Do you think it is a good idea to let animals stay in local parks for people to see?
58,1473,钦佩的运动员,18,人物,0,1,4324,2,Describe a sportsperson you admire You should say: Who he/she is What you know about him/her What he/she is like in real life What achievement he/she has made And explain why you admire him/her
58,1473,钦佩的运动员,18,人物,0,2,4323,3,Why are there so few top athletes?
58,1473,钦佩的运动员,18,人物,0,3,4322,3,What is the most popular sport in your country?
58,1473,钦佩的运动员,18,人物,0,4,4321,3,Is it easy to identify children's talents?
58,1473,钦佩的运动员,18,人物,0,5,4320,3,Is talent important in sports?
58,1473,钦佩的运动员,18,人物,0,6,4319,3,What qualities make an athlete?
58,1473,钦佩的运动员,18,人物,0,7,4318,3,Should students have physical education and do sports at school?
59,1382,迷路,20,事件,0,1,4057,2,Describe an occasion when you lost your way You should say: Where you were What happened How you felt And explain how you found your way
59,1382,迷路,20,事件,0,2,4056,3,Why do some people get lost more easily than others?
59,1382,迷路,20,事件,0,3,4055,3,Do you think it is important to be able to read a map?
59,1382,迷路,20,事件,0,4,4054,3,Do you think it is important to do some preparation before you travel to new places?
59,1382,迷路,20,事件,0,5,4053,3,How can people find their way when they are lost?
59,1382,迷路,20,事件,0,6,4052,3,Is a paper map still necessary?
59,1382,迷路,20,事件,0,7,4051,3,Why do some people have a good sense of direction?
59,1382,迷路,20,事件,0,8,4050,3,How do people react when they get lost?
60,1372,让你失望的电影,20,事件,0,1,3977,2,Describe a movie you watched recently that you felt disappointed with You should say: When it was Why you didn't like it Why you decided to watch it
60,1372,让你失望的电影,20,事件,0,2,3974,3,Should the director pay a lot of money to famous actors?
60,1372,让你失望的电影,20,事件,0,3,3973,3,Why are Japanese animated films so popular?
60,1372,让你失望的电影,20,事件,0,4,3972,3,Do you think films with famous actors or actresses are more popular?
60,1372,让你失望的电影,20,事件,0,5,3971,3,Are historical films popular in your country? Why?
60,1372,让你失望的电影,20,事件,0,6,3970,3,What are the different types of films in your country?
60,1372,让你失望的电影,20,事件,0,7,3969,3,Do you believe movie reviews
61,1009,禁用手机的场合,21,地点,0,1,6001,2,Describe an occasion when you were not allowed to use your mobile phone You should say: When it was Where it was Why you were not allowed to use your mobile phone And how you felt about it
61,1009,禁用手机的场合,21,地点,0,2,2987,3,Do you think it is necessary to have laws on the use of mobile phones?
61,1009,禁用手机的场合,21,地点,0,3,2986,3,Is it a waste of time to take pictures with mobile phones?
61,1009,禁用手机的场合,21,地点,0,4,2985,3,What positive and negative impact do mobile phones have on friendships?
61,1009,禁用手机的场合,21,地点,0,5,2984,3,How do young and old people use mobile phones differently?
62,976,微笑的场合,21,地点,0,1,6000,2,Describe an occasion when many people were smiling You should say: When it happened Who you were with What happened And explain why most people were smiling
62,976,微笑的场合,21,地点,0,2,2908,3,Do people smile more when they are younger or older?
62,976,微笑的场合,21,地点,0,3,2907,3,Do women smile more than men? Why?
62,976,微笑的场合,21,地点,0,4,2906,3,Why do most people smile in photographs?
62,976,微笑的场合,21,地点,0,5,2905,3,Do you think people who like to smile are more friendly?
63,968,想提升的天赋,20,事件,0,1,5805,2,"Describe a natural talent (sports/music, etc) you want to improve You should say What it is When you discovered it How you want to improve it And how you feel about it"
63,968,想提升的天赋,20,事件,0,2,2892,3,Do you think it is more interesting to watch famous people’s or ordinary people’s shows?
63,968,想提升的天赋,20,事件,0,3,2891,3,Why do people like to watch talent shows?
63,968,想提升的天赋,20,事件,0,4,2890,3,Is it possible for us to know whether children who are 3 or 4 years old will become musicians and painters when they grow up?
63,968,想提升的天赋,20,事件,0,5,2889,3,Do you think artists with talents should focus on their talents?
64,936,鼓励别人做不愿做的事,20,事件,0,1,2818,2,Describe a time when you encouraged someone to do something that he/she didn't want to do You should say: Who he or she is What you encouraged him/her to do How he/she reacted And explain why you encouraged him/her?
64,936,鼓励别人做不愿做的事,20,事件,0,2,2817,3,Do you think some people are better than others at persuading?
64,936,鼓励别人做不愿做的事,20,事件,0,3,2816,3,What kind of encouragement should parents give?
64,936,鼓励别人做不愿做的事,20,事件,0,4,2815,3,When should parents encourage their children?
64,936,鼓励别人做不愿做的事,20,事件,0,5,2814,3,What do you think young people spend most of their money on?
65,892,发挥想象力,19,事物,0,1,6030,2,Describe a time you needed to use your imagination You should say: When it was Why you needed to use imagination How difficult or easy it was And explain how you felt about it
65,892,发挥想象力,19,事物,0,2,2704,3,What subjects are helpful for children's imaginations?
65,892,发挥想象力,19,事物,0,3,2703,3,What kinds of jobs require imagination?
65,892,发挥想象力,19,事物,0,4,2702,3,Do you think imagination is essential for scientists ?
65,892,发挥想象力,19,事物,0,5,2701,3,Do you think adults can have lots of imagination?
66,828,第一次说外语,0,,0,1,2540,2,Describe the time when you first talked in a foreign language You should say Where you were Who you were with What you talked about And explain how you felt about it
66,828,第一次说外语,0,,0,2,2539,3,Do you think minority languages will disappear?
66,828,第一次说外语,0,,0,3,2538,3,"Does a person still need to learn languages, if he or she is good at English?"
66,828,第一次说外语,0,,0,4,2537,3,"Which skill is more important, speaking or writing?"
66,828,第一次说外语,0,,0,5,2536,3,At what age should children start learning a foreign language?
67,813,读到的有用的书,0,,0,1,2486,2,Describe a book you read that you found useful You should say What it is When and where did you read it Why it is useful And explain your feeling about it
67,813,读到的有用的书,0,,0,2,2485,3,"Some people say that it is easier for children who start reading from a young age to succeed, do you agree?"
67,813,读到的有用的书,0,,0,3,2484,3,What’s the difference between paper books and e-books?
67,813,读到的有用的书,0,,0,4,2483,3,What’s the difference between the reading habits of old people and young people?
67,813,读到的有用的书,0,,0,5,2482,3,What are the types of books that young people like to read?
68,532,乐于助人的人,18,人物,0,1,1744,2,Describe a person who like to help others You should say: Who this person is? What he helps others Why he help others and explain how do you feel about him or her.
68,532,乐于助人的人,18,人物,0,2,6028,3,"Who should people ask for help,colleagues or family members?"
68,532,乐于助人的人,18,人物,0,3,6027,3,What kind of help do people need when looking for a new job?
68,532,乐于助人的人,18,人物,0,4,6024,3,Should children help their parents with household chores?
68,532,乐于助人的人,18,人物,0,5,1743,3,Why are some people willing to help others?
68,532,乐于助人的人,18,人物,0,6,1742,3,Who should teach children to help others? Parents or teachers?
68,532,乐于助人的人,18,人物,0,7,1741,3,Do people nowadays help others more than in the past?
68,532,乐于助人的人,18,人物,0,8,1740,3,In what kinds of professions do people help others more?
69,921,对家庭重要的东西,0,,0,1,5999,2,Describe something important that has been kept in your family for a long time You should say: What it is When your family had it How your family got it And explain why it is important to your family
69,921,对家庭重要的东西,0,,0,2,2776,3,What's the influence of technology on museums?
69,921,对家庭重要的东西,0,,0,3,2775,3,What kinds of things are kept in museums?
69,921,对家庭重要的东西,0,,0,4,2774,3,What's the difference between things valued by people in the past and today?
69,921,对家庭重要的东西,0,,0,5,2773,3,What things do families keep for a long time?
70,1043,自行车/摩托车/汽车旅行,20,事件,0,1,3087,2,Describe a bicycle/motorcycle/car trip you would like to go on You should say: Who you would like to go with Where you would like to go When you would like to go And explain why you would like to go by bicycle/motorcycle/car
70,1043,自行车/摩托车/汽车旅行,20,事件,0,2,3086,3,Do you think people need to change the way of transportation drastically to protect the environment?
70,1043,自行车/摩托车/汽车旅行,20,事件,0,3,3085,3,"Which form of vehicle is more popular in your country, bikes, cars or motorcycles?"
70,1043,自行车/摩托车/汽车旅行,20,事件,0,4,3084,3,How are the transportation systems in urban and rural areas different?
70,1043,自行车/摩托车/汽车旅行,20,事件,0,5,3083,3,Do you think air pollution comes mostly from vehicles?
70,1043,自行车/摩托车/汽车旅行,20,事件,0,6,3082,3,Do you think people need to drastically change their methods of transportation to protect the environment?
70,1043,自行车/摩托车/汽车旅行,20,事件,0,7,3081,3,"Which vehicle is most popular in your country, bikes, cars or motorcycles?"
71,1041,为家人骄傲,20,事件,0,1,6097,2,Describe a time when you felt proud of a family member You should say: When it happened Who the person is What the person did And explain why you felt proud of him/her
71,1041,为家人骄傲,20,事件,0,2,6100,3,What do you think about children working hard just for grades?
71,1041,为家人骄傲,20,事件,0,3,6099,3,Do rewards help a child become better?
71,1041,为家人骄傲,20,事件,0,4,3075,3,When would parents feel proud of their children?
71,1041,为家人骄傲,20,事件,0,5,3074,3,Is it good to reward children very often? Why?
71,1041,为家人骄傲,20,事件,0,6,3073,3,Should parents reward children?Why and how?
71,1041,为家人骄傲,20,事件,0,7,3072,3,On what occasions would adults be proud of themselves?
71,1041,为家人骄傲,20,事件,0,8,3071,3,When do parents feel proud of their children?
72,1040,花费超过预期的物品,19,事物,0,1,3070,2,Describe an item on which you spent more than expected You should say: What it is How much you spent on it Why you bought it And explain why you think you spent more than expected
72,1040,花费超过预期的物品,19,事物,0,2,3069,3,Do you often buy more than you expected?
72,1040,花费超过预期的物品,19,事物,0,3,3068,3,Do people buy things they don't need?
72,1040,花费超过预期的物品,19,事物,0,4,3067,3,What do you think young people spend most of their money on?
72,1040,花费超过预期的物品,19,事物,0,5,3066,3,Do you think it is important to save money?Why?
72,1040,花费超过预期的物品,19,事物,0,6,3065,3,Do you often buy more than you expect?
73,528,给别人建议,19,事物,0,1,1719,2,Describe a time that you gave advice to others You should say: When it was Who you gave advice to What the advice was Why you gave advice And explain how you felt about the advice
73,528,给别人建议,19,事物,0,2,6080,3,What are the problems if you ask too many people for advice?
73,528,给别人建议,19,事物,0,3,6078,3,What are the personalities of people whose job is to give advice to others?
73,528,给别人建议,19,事物,0,4,6076,3,Is it good to ask advice from strangers online?
73,528,给别人建议,19,事物,0,5,6075,3,Should people prepare before giving advice?
73,528,给别人建议,19,事物,0,6,1718,3,"Whose advice is more helpful, parents’ or friends’?"
73,528,给别人建议,19,事物,0,7,1717,3,What kinds of advice do parents give to their children?
73,528,给别人建议,19,事物,0,8,1716,3,How do experts give advice to others?
73,528,给别人建议,19,事物,0,9,1715,3,What advice do parents give to teenagers about making friends?
74,197,受欢迎的人,18,人物,0,1,779,2,Describe a popular person You should say: Who this person is What he or she is like Why you think this person is popular How this person influences the public
74,197,受欢迎的人,18,人物,0,2,5918,3,Why do people want to be popular?
74,197,受欢迎的人,18,人物,0,3,5917,3,Is it easier to become popular nowadays?
74,197,受欢迎的人,18,人物,0,4,5916,3,Do you think good teacher are always popular among students?
74,197,受欢迎的人,18,人物,0,5,5915,3,Is it important for a teacher to be popular?
74,197,受欢迎的人,18,人物,0,6,778,3,What kinds of people are more popular at school?
74,197,受欢迎的人,18,人物,0,7,777,3,Why are some people less famous?
74,197,受欢迎的人,18,人物,0,8,776,3,What are the qualities of being a good teacher?
74,197,受欢迎的人,18,人物,0,9,771,3,Why are some students popular in school?
74,197,受欢迎的人,18,人物,0,10,770,3,Do you think popular stars have more freedom or less freedom?
74,197,受欢迎的人,18,人物,0,11,769,3,What influences do popular stars have on teenagers?
74,197,受欢迎的人,18,人物,0,12,768,3,Do you think children should imitate their idols?
74,197,受欢迎的人,18,人物,0,13,767,3,Do you know any popular star who really likes helping other people?
74,197,受欢迎的人,18,人物,0,14,766,3,What are the qualities of being popular?
75,524,想见的名人,0,,0,1,5747,2,Describe a famous person you would like to meet You should say: Who he/she is How you knew him/her How/where you would like to meet him/her And explain why you would like to meet him/ her
75,524,想见的名人,0,,0,2,1702,3,Why can some celebrities stay famous for a long time while some cannot?
75,524,想见的名人,0,,0,3,1701,3,What are the advantages and disadvantages of becoming a celebrity?
75,524,想见的名人,0,,0,4,1700,3,What influences can famous people have on the society?
75,524,想见的名人,0,,0,5,1699,3,How can people become famous?
76,683,第一次尝试的兴奋活动,20,事件,0,1,2091,2,Describe an exciting activity you have tried for the first time You should say What it is When/where you did it Why you thought it was exciting And explain how you felt about it
76,683,第一次尝试的兴奋活动,20,事件,0,2,5839,3,Do you think that children adapt to new things more easily than adult?
76,683,第一次尝试的兴奋活动,20,事件,0,3,5838,3,Why are some people keen on doing dangerous activities?
76,683,第一次尝试的兴奋活动,20,事件,0,4,5837,3,Why are some people unwilling to try new things?
76,683,第一次尝试的兴奋活动,20,事件,0,5,2090,3,Do you think it is necessary to spend some money on celebrations?
76,683,第一次尝试的兴奋活动,20,事件,0,6,2089,3,How much time do people need to prepare celebrations?
76,683,第一次尝试的兴奋活动,20,事件,0,7,2088,3,How do people celebrate their personal events?
76,683,第一次尝试的兴奋活动,20,事件,0,8,2087,3,What personal events do people usually celebrate?
77,198,不寻常的一餐,20,事件,0,1,791,2,Describe an unusual meal you had You should say： When you had it Where you had it Whom you had it with And explain why it was unusual
77,198,不寻常的一餐,20,事件,0,2,783,3,Do you think people are less willing to cook meals by themselves these days，compared to the past?
77,198,不寻常的一餐,20,事件,0,3,782,3,What do you think are the benefits of having dinner together?
77,198,不寻常的一餐,20,事件,0,4,781,3,Do young people like to spend time with their families or friends?
77,198,不寻常的一餐,20,事件,0,5,780,3,Do you think having dinner at home is a good idea?
77,198,不寻常的一餐,20,事件,0,6,789,3,What are the advantages and disadvantages of eating in restaurants?
77,198,不寻常的一餐,20,事件,0,7,788,3,Do people in your country value food culture?
77,198,不寻常的一餐,20,事件,0,8,787,3,Do people in your country socialize in restaurants? Why?
77,198,不寻常的一餐,20,事件,0,9,786,3,Why do people choose to eat out instead of ordering takeout?
77,198,不寻常的一餐,20,事件,0,10,785,3,Do people eat fast food at home?
77,198,不寻常的一餐,20,事件,0,11,784,3,What fast food is there in your country?
